{
  "methods": [
    {
      "method": "Google Search",
      "pattern": "\"[Agent Name]\" real estate [city] email OR phone",
      "effort": "Low",
      "accuracy": "40%"
    },
    {
      "method": "Brokerage Website",
      "pattern": "Visit eXp/RealBroker/Fathom sites, find agent directory",
      "effort": "Medium",
      "accuracy": "70%"
    },
    {
      "method": "RapidAPI - Broker Directory",
      "pattern": "Use Realty in US API to find agent contact info",
      "effort": "Low",
      "accuracy": "60%"
    },
    {
      "method": "RocketReach / Hunter.io",
      "pattern": "Professional email lookup services",
      "effort": "Medium",
      "accuracy": "75%"
    },
    {
      "method": "Facebook Profile",
      "pattern": "Many agents list phone/email on Facebook business page",
      "effort": "Low",
      "accuracy": "50%"
    }
  ]
}