[
  {
    "groupName": "Tampa Real Estate Agents",
    "city": "Tampa",
    "market": "tampa",
    "keywords": [
      "new agent",
      "new to real estate",
      "just licensed",
      "first sale",
      "help needed"
    ],
    "harvestInstructions": "\n1. Find & join: \"Tampa Real Estate Agents\" group\n2. Search posts from last 30 days with keywords:\n   - \"new agent\"\n   - \"just got licensed\"\n   - \"help\"\n   - \"new to real estate\"\n3. Look for comments from agents introducing themselves\n4. Export names + profile links\n5. Check their profile for contact info (email/phone often listed)\n"
  },
  {
    "groupName": "Lakeland Real Estate Agents",
    "city": "Lakeland",
    "market": "tampa",
    "keywords": [
      "new agent",
      "new to real estate",
      "just licensed",
      "first sale",
      "help needed"
    ],
    "harvestInstructions": "\n1. Find & join: \"Lakeland Real Estate Agents\" group\n2. Search posts from last 30 days with keywords:\n   - \"new agent\"\n   - \"just got licensed\"\n   - \"help\"\n   - \"new to real estate\"\n3. Look for comments from agents introducing themselves\n4. Export names + profile links\n5. Check their profile for contact info (email/phone often listed)\n"
  },
  {
    "groupName": "Brandon Real Estate Agents",
    "city": "Brandon",
    "market": "tampa",
    "keywords": [
      "new agent",
      "new to real estate",
      "just licensed",
      "first sale",
      "help needed"
    ],
    "harvestInstructions": "\n1. Find & join: \"Brandon Real Estate Agents\" group\n2. Search posts from last 30 days with keywords:\n   - \"new agent\"\n   - \"just got licensed\"\n   - \"help\"\n   - \"new to real estate\"\n3. Look for comments from agents introducing themselves\n4. Export names + profile links\n5. Check their profile for contact info (email/phone often listed)\n"
  },
  {
    "groupName": "Plant City Real Estate Agents",
    "city": "Plant City",
    "market": "tampa",
    "keywords": [
      "new agent",
      "new to real estate",
      "just licensed",
      "first sale",
      "help needed"
    ],
    "harvestInstructions": "\n1. Find & join: \"Plant City Real Estate Agents\" group\n2. Search posts from last 30 days with keywords:\n   - \"new agent\"\n   - \"just got licensed\"\n   - \"help\"\n   - \"new to real estate\"\n3. Look for comments from agents introducing themselves\n4. Export names + profile links\n5. Check their profile for contact info (email/phone often listed)\n"
  },
  {
    "groupName": "Orlando Real Estate Agents",
    "city": "Orlando",
    "market": "orlando",
    "keywords": [
      "new agent",
      "new to real estate",
      "just licensed",
      "first sale",
      "help needed"
    ],
    "harvestInstructions": "\n1. Find & join: \"Orlando Real Estate Agents\" group\n2. Search posts from last 30 days with keywords:\n   - \"new agent\"\n   - \"just got licensed\"\n   - \"help\"\n   - \"new to real estate\"\n3. Look for comments from agents introducing themselves\n4. Export names + profile links\n5. Check their profile for contact info (email/phone often listed)\n"
  },
  {
    "groupName": "Winter Park Real Estate Agents",
    "city": "Winter Park",
    "market": "orlando",
    "keywords": [
      "new agent",
      "new to real estate",
      "just licensed",
      "first sale",
      "help needed"
    ],
    "harvestInstructions": "\n1. Find & join: \"Winter Park Real Estate Agents\" group\n2. Search posts from last 30 days with keywords:\n   - \"new agent\"\n   - \"just got licensed\"\n   - \"help\"\n   - \"new to real estate\"\n3. Look for comments from agents introducing themselves\n4. Export names + profile links\n5. Check their profile for contact info (email/phone often listed)\n"
  },
  {
    "groupName": "Kissimmee Real Estate Agents",
    "city": "Kissimmee",
    "market": "orlando",
    "keywords": [
      "new agent",
      "new to real estate",
      "just licensed",
      "first sale",
      "help needed"
    ],
    "harvestInstructions": "\n1. Find & join: \"Kissimmee Real Estate Agents\" group\n2. Search posts from last 30 days with keywords:\n   - \"new agent\"\n   - \"just got licensed\"\n   - \"help\"\n   - \"new to real estate\"\n3. Look for comments from agents introducing themselves\n4. Export names + profile links\n5. Check their profile for contact info (email/phone often listed)\n"
  },
  {
    "groupName": "Daytona Beach Real Estate Agents",
    "city": "Daytona Beach",
    "market": "daytona",
    "keywords": [
      "new agent",
      "new to real estate",
      "just licensed",
      "first sale",
      "help needed"
    ],
    "harvestInstructions": "\n1. Find & join: \"Daytona Beach Real Estate Agents\" group\n2. Search posts from last 30 days with keywords:\n   - \"new agent\"\n   - \"just got licensed\"\n   - \"help\"\n   - \"new to real estate\"\n3. Look for comments from agents introducing themselves\n4. Export names + profile links\n5. Check their profile for contact info (email/phone often listed)\n"
  },
  {
    "groupName": "Ormond Beach Real Estate Agents",
    "city": "Ormond Beach",
    "market": "daytona",
    "keywords": [
      "new agent",
      "new to real estate",
      "just licensed",
      "first sale",
      "help needed"
    ],
    "harvestInstructions": "\n1. Find & join: \"Ormond Beach Real Estate Agents\" group\n2. Search posts from last 30 days with keywords:\n   - \"new agent\"\n   - \"just got licensed\"\n   - \"help\"\n   - \"new to real estate\"\n3. Look for comments from agents introducing themselves\n4. Export names + profile links\n5. Check their profile for contact info (email/phone often listed)\n"
  }
]