[
  {
    "query": "\"real estate agent\" \"Tampa\" \"new to real estate\" OR \"recently licensed\" OR \"just got my license\" OR \"0-2 years experience\"",
    "city": "Tampa",
    "market": "tampa",
    "estimatedAgents": 15,
    "instructions": "\n1. Go to LinkedIn Sales Navigator or regular LinkedIn search\n2. Search: \"Tampa\" real estate agents with recent activity\n3. Filter by: License date 2023-2025\n4. Look for profiles mentioning:\n   - \"Recently licensed\"\n   - \"New to real estate\"\n   - \"Just started my real estate journey\"\n   - \"0-2 years experience\"\n   - Started at eXp, Real Broker, Fathom, United, KW\n5. Copy name + profile URL to spreadsheet\n"
  },
  {
    "query": "\"real estate agent\" \"Lakeland\" \"new to real estate\" OR \"recently licensed\" OR \"just got my license\" OR \"0-2 years experience\"",
    "city": "Lakeland",
    "market": "tampa",
    "estimatedAgents": 15,
    "instructions": "\n1. Go to LinkedIn Sales Navigator or regular LinkedIn search\n2. Search: \"Lakeland\" real estate agents with recent activity\n3. Filter by: License date 2023-2025\n4. Look for profiles mentioning:\n   - \"Recently licensed\"\n   - \"New to real estate\"\n   - \"Just started my real estate journey\"\n   - \"0-2 years experience\"\n   - Started at eXp, Real Broker, Fathom, United, KW\n5. Copy name + profile URL to spreadsheet\n"
  },
  {
    "query": "\"real estate agent\" \"Brandon\" \"new to real estate\" OR \"recently licensed\" OR \"just got my license\" OR \"0-2 years experience\"",
    "city": "Brandon",
    "market": "tampa",
    "estimatedAgents": 15,
    "instructions": "\n1. Go to LinkedIn Sales Navigator or regular LinkedIn search\n2. Search: \"Brandon\" real estate agents with recent activity\n3. Filter by: License date 2023-2025\n4. Look for profiles mentioning:\n   - \"Recently licensed\"\n   - \"New to real estate\"\n   - \"Just started my real estate journey\"\n   - \"0-2 years experience\"\n   - Started at eXp, Real Broker, Fathom, United, KW\n5. Copy name + profile URL to spreadsheet\n"
  },
  {
    "query": "\"real estate agent\" \"Plant City\" \"new to real estate\" OR \"recently licensed\" OR \"just got my license\" OR \"0-2 years experience\"",
    "city": "Plant City",
    "market": "tampa",
    "estimatedAgents": 15,
    "instructions": "\n1. Go to LinkedIn Sales Navigator or regular LinkedIn search\n2. Search: \"Plant City\" real estate agents with recent activity\n3. Filter by: License date 2023-2025\n4. Look for profiles mentioning:\n   - \"Recently licensed\"\n   - \"New to real estate\"\n   - \"Just started my real estate journey\"\n   - \"0-2 years experience\"\n   - Started at eXp, Real Broker, Fathom, United, KW\n5. Copy name + profile URL to spreadsheet\n"
  },
  {
    "query": "\"real estate agent\" \"Orlando\" \"new to real estate\" OR \"recently licensed\" OR \"just got my license\" OR \"0-2 years experience\"",
    "city": "Orlando",
    "market": "orlando",
    "estimatedAgents": 15,
    "instructions": "\n1. Go to LinkedIn Sales Navigator or regular LinkedIn search\n2. Search: \"Orlando\" real estate agents with recent activity\n3. Filter by: License date 2023-2025\n4. Look for profiles mentioning:\n   - \"Recently licensed\"\n   - \"New to real estate\"\n   - \"Just started my real estate journey\"\n   - \"0-2 years experience\"\n   - Started at eXp, Real Broker, Fathom, United, KW\n5. Copy name + profile URL to spreadsheet\n"
  },
  {
    "query": "\"real estate agent\" \"Winter Park\" \"new to real estate\" OR \"recently licensed\" OR \"just got my license\" OR \"0-2 years experience\"",
    "city": "Winter Park",
    "market": "orlando",
    "estimatedAgents": 15,
    "instructions": "\n1. Go to LinkedIn Sales Navigator or regular LinkedIn search\n2. Search: \"Winter Park\" real estate agents with recent activity\n3. Filter by: License date 2023-2025\n4. Look for profiles mentioning:\n   - \"Recently licensed\"\n   - \"New to real estate\"\n   - \"Just started my real estate journey\"\n   - \"0-2 years experience\"\n   - Started at eXp, Real Broker, Fathom, United, KW\n5. Copy name + profile URL to spreadsheet\n"
  },
  {
    "query": "\"real estate agent\" \"Kissimmee\" \"new to real estate\" OR \"recently licensed\" OR \"just got my license\" OR \"0-2 years experience\"",
    "city": "Kissimmee",
    "market": "orlando",
    "estimatedAgents": 15,
    "instructions": "\n1. Go to LinkedIn Sales Navigator or regular LinkedIn search\n2. Search: \"Kissimmee\" real estate agents with recent activity\n3. Filter by: License date 2023-2025\n4. Look for profiles mentioning:\n   - \"Recently licensed\"\n   - \"New to real estate\"\n   - \"Just started my real estate journey\"\n   - \"0-2 years experience\"\n   - Started at eXp, Real Broker, Fathom, United, KW\n5. Copy name + profile URL to spreadsheet\n"
  },
  {
    "query": "\"real estate agent\" \"Daytona Beach\" \"new to real estate\" OR \"recently licensed\" OR \"just got my license\" OR \"0-2 years experience\"",
    "city": "Daytona Beach",
    "market": "daytona",
    "estimatedAgents": 15,
    "instructions": "\n1. Go to LinkedIn Sales Navigator or regular LinkedIn search\n2. Search: \"Daytona Beach\" real estate agents with recent activity\n3. Filter by: License date 2023-2025\n4. Look for profiles mentioning:\n   - \"Recently licensed\"\n   - \"New to real estate\"\n   - \"Just started my real estate journey\"\n   - \"0-2 years experience\"\n   - Started at eXp, Real Broker, Fathom, United, KW\n5. Copy name + profile URL to spreadsheet\n"
  },
  {
    "query": "\"real estate agent\" \"Ormond Beach\" \"new to real estate\" OR \"recently licensed\" OR \"just got my license\" OR \"0-2 years experience\"",
    "city": "Ormond Beach",
    "market": "daytona",
    "estimatedAgents": 15,
    "instructions": "\n1. Go to LinkedIn Sales Navigator or regular LinkedIn search\n2. Search: \"Ormond Beach\" real estate agents with recent activity\n3. Filter by: License date 2023-2025\n4. Look for profiles mentioning:\n   - \"Recently licensed\"\n   - \"New to real estate\"\n   - \"Just started my real estate journey\"\n   - \"0-2 years experience\"\n   - Started at eXp, Real Broker, Fathom, United, KW\n5. Copy name + profile URL to spreadsheet\n"
  }
]