{
  "smsTemplates": {
    "coldReach1": {
      "text": "Hi [Name] 👋 - Saw you're with [Brokerage] in [City]. Help newer agents get 30-75 exclusive buyer leads/month at $397-891. 2.5-5% convert (vs Zillow's 0.5-1%). Interested? [LINK]",
      "useCase": "First cold contact",
      "conversionRate": "3-5%"
    },
    "coldReach2": {
      "text": "[Name], just licenced? Congratulations! 🎉 I specialize in helping new agents get exclusive buyer leads (not shared like Zillow). Currently have [X] leads in [City] ready to work. Free trial? [LINK]",
      "useCase": "New agents only",
      "conversionRate": "4-6%"
    },
    "followUp3Days": {
      "text": "Hi [Name], checking in on my message from a few days ago. Realized I didn't ask the right question - how many exclusive leads do you actually need per month? [LINK]",
      "useCase": "3 days after initial",
      "conversionRate": "5-8%"
    },
    "followUp7Days": {
      "text": "[Name], only taking 3 more agents in [City] this month. If you want in, let me know - this offer closes Friday. [LINK]",
      "useCase": "Scarcity push on day 7",
      "conversionRate": "6-10%"
    }
  },
  "linkedInTemplates": {
    "direct1": {
      "text": "Hi [Name], I noticed you recently joined the real estate industry in [City]. Congrats! I specialize in helping newer agents build pipelines quickly with exclusive buyer leads (not shared like Zillow). Would you be open to a brief chat?",
      "useCase": "Direct message to new agent"
    },
    "comment1": {
      "text": "Congrats on your license, [Name]! 🎉 The first few months are tough - happy to share what's working with exclusive leads if you'd find that valuable.",
      "useCase": "Comment on their post"
    }
  },
  "emailTemplates": {
    "welcome": {
      "subject": "[City] Real Estate - 25 Exclusive Buyer Leads Available",
      "body": "Hi [Name],\n\nCongratulations on your real estate license! 🎉\n\nI know the first few months can feel overwhelming without lead generation. That's why I'm reaching out.\n\nI source and distribute exclusive buyer leads in [City] - agents using my service close at 2.5-5% (vs Zillow's 0.5-1% shared leads).\n\nWhat I have for [City] right now:\n- 25+ pre-approved buyers ready to purchase\n- Budget range: $250K - $500K+\n- Timeline: Next 30-90 days\n- Exclusive to YOU (not shared)\n\nPricing & Trial:\n- $397/month for 30-50 leads\n- $597/month for 50-75 leads\n- $891/month for 75-100+ leads\n- Free 7-day trial with real leads (no credit card)\n\nInterested? Reply or call me at [YOUR PHONE].\n\nBest,\nDan Coffman\nBusiness Conector\n[YOUR WEBSITE]"
    }
  }
}